year,imdb,title,test,clean_test,binary,budget,domgross,intgross,code,budget_2013$,domgross_2013$,intgross_2013$,period code,decade code
2013,tt1711425,21 &amp; Over,notalk,notalk,FAIL,13000000,25682380,42195766,2013FAIL,13000000,25682380,42195766,1,1
2012,tt1343727,Dredd 3D,ok-disagree,ok,PASS,45000000,13414714,40868994,2012PASS,45658735,13611086,41467257,1,1
2013,tt2024544,12 Years a Slave,notalk-disagree,notalk,FAIL,20000000,53107035,158607035,2013FAIL,20000000,53107035,158607035,1,1
2013,tt1272878,2 Guns,notalk,notalk,FAIL,61000000,75612460,132493015,2013FAIL,61000000,75612460,132493015,1,1
2013,tt0453562,42,men,men,FAIL,40000000,95020213,95020213,2013FAIL,40000000,95020213,95020213,1,1
2013,tt1335975,47 Ronin,men,men,FAIL,225000000,38362475,145803842,2013FAIL,225000000,38362475,145803842,1,1
2013,tt1606378,A Good Day to Die Hard,notalk,notalk,FAIL,92000000,67349198,304249198,2013FAIL,92000000,67349198,304249198,1,1
2013,tt2194499,About Time,ok-disagree,ok,PASS,12000000,15323921,87324746,2013PASS,12000000,15323921,87324746,1,1
2013,tt1814621,Admission,ok,ok,PASS,13000000,18007317,18007317,2013PASS,13000000,18007317,18007317,1,1
2013,tt1815862,After Earth,notalk,notalk,FAIL,130000000,60522097,244373198,2013FAIL,130000000,60522097,244373198,1,1
2013,tt1800241,American Hustle,ok-disagree,ok,PASS,40000000,148430908,249484909,2013PASS,40000000,148430908,249484909,1,1
2013,tt1322269,August: Osage County,ok,ok,PASS,25000000,37304874,50304874,2013PASS,25000000,37304874,50304874,1,1
2013,tt1559547,Beautiful Creatures,ok,ok,PASS,50000000,19452138,55940671,2013PASS,50000000,19452138,55940671,1,1
2013,tt2334873,Blue Jasmine,ok-disagree,ok,PASS,18000000,33345833,68447831,2013PASS,18000000,33345833,68447831,1,1
2013,tt1535109,Captain Phillips,notalk,notalk,FAIL,55000000,107136417,218743570,2013FAIL,55000000,107136417,218743570,1,1
2013,tt1939659,Carrie,ok,ok,PASS,30000000,35266619,85001659,2013PASS,30000000,35266619,85001659,1,1
2013,tt1985966,Cloudy with a Chance of Meatballs 2,nowomen-disagree,nowomen,FAIL,78000000,119640264,271725448,2013FAIL,78000000,119640264,271725448,1,1
2013,tt1690953,Despicable Me 2,ok,ok,PASS,76000000,368065385,970766005,2013PASS,76000000,368065385,970766005,1,1
2013,tt2229499,Don Jon,dubious-disagree,dubious,FAIL,5500000,24477704,26377704,2013FAIL,5500000,24477704,26377704,1,1
2013,tt1535108,Elysium,ok-disagree,ok,PASS,120000000,93050117,286192091,2013PASS,120000000,93050117,286192091,1,1
2013,tt1731141,Ender&#39;s Game,men,men,FAIL,110000000,61737191,89737191,2013FAIL,110000000,61737191,89737191,1,1
2013,tt0848537,Epic,ok-disagree,ok,PASS,100000000,107518682,268418682,2013PASS,100000000,107518682,268418682,1,1
2013,tt0765446,Escape from Planet Earth,ok,ok,PASS,40000000,57012977,66454811,2013PASS,40000000,57012977,66454811,1,1
2013,tt1211956,Escape Plan,men,men,FAIL,70000000,25213103,103813103,2013FAIL,70000000,25213103,103813103,1,1
2013,tt1288558,Evil Dead,ok-disagree,ok,PASS,17000000,54239856,97402049,2013PASS,17000000,54239856,97402049,1,1
2013,tt1905041,Fast and Furious 6,ok-disagree,ok,PASS,160000000,238679850,788128122,2013PASS,160000000,238679850,788128122,1,1
2013,tt2294629,Frozen,ok,ok,PASS,150000000,393050114,1004550114,2013PASS,150000000,393050114,1004550114,1,1
2013,tt1583421,G.I. Joe: Retaliation,ok-disagree,ok,PASS,140000000,122523060,371923060,2013PASS,140000000,122523060,371923060,1,1
2013,tt1321870,Gangster Squad,notalk,notalk,FAIL,60000000,46000903,104100903,2013FAIL,60000000,46000903,104100903,1,1
2013,tt2425486,Gloria,ok,ok,PASS,30000000,4167493,4967493,2013PASS,30000000,4167493,4967493,1,1
2013,tt1454468,Gravity,nowomen-disagree,nowomen,FAIL,110000000,271814796,708714796,2013FAIL,110000000,271814796,708714796,1,1
2013,tt2191701,Grown Ups 2,men-disagree,men,FAIL,80000000,133668525,247023808,2013FAIL,80000000,133668525,247023808,1,1
2013,tt1428538,Hansel &amp; Gretel: Witch Hunters,ok,ok,PASS,50000000,55703475,225703475,2013PASS,50000000,55703475,225703475,1,1
2013,tt1798709,Her,men-disagree,men,FAIL,23000000,25000178,33029713,2013FAIL,23000000,25000178,33029713,1,1
2013,tt2024432,Identity Thief,men-disagree,men,FAIL,35000000,134506920,176269721,2013FAIL,35000000,134506920,176269721,1,1
2013,tt2226417,Insidious: Chapter 2,men,men,FAIL,5000000,83586447,161911222,2013FAIL,5000000,83586447,161911222,1,1
2013,tt1300854,Iron Man 3,dubious-disagree,dubious,FAIL,200000000,408992272,1212692272,2013FAIL,200000000,408992272,1212692272,1,1
2013,tt1351685,Jack the Giant Slayer,nowomen-disagree,nowomen,FAIL,195000000,65187603,197387603,2013FAIL,195000000,65187603,197387603,1,1
2013,tt1650554,Kick-Ass 2,ok,ok,PASS,28000000,28795985,60839197,2013PASS,28000000,28795985,60839197,1,1
2013,tt1204975,Last Vegas,notalk,notalk,FAIL,28000000,63914167,112914167,2013FAIL,28000000,63914167,112914167,1,1
2013,tt1327773,Lee Daniels&#39; The Butler,ok,ok,PASS,30000000,116632095,151513429,2013PASS,30000000,116632095,151513429,1,1
2013,tt2002718,Machete Kills,ok,ok,PASS,2000000,8008161,9408161,2013PASS,2000000,8008161,9408161,1,1
2013,tt2023587,Mama,ok,ok,PASS,15000000,71628180,148041253,2013PASS,15000000,71628180,148041253,1,1
2013,tt0770828,Man of Steel,ok-disagree,ok,PASS,225000000,291045518,687999518,2013PASS,225000000,291045518,687999518,1,1
2013,tt1821549,Nebraska,ok-disagree,ok,PASS,12000000,17482517,17482517,2013PASS,12000000,17482517,17482517,1,1
2013,tt1670345,Now You See Me,notalk-disagree,notalk,FAIL,75000000,117723989,351723989,2013FAIL,75000000,117723989,351723989,1,1
2013,tt1483013,Oblivion,men-disagree,men,FAIL,120000000,89107235,287537983,2013FAIL,120000000,89107235,287537983,1,1
2013,tt2302755,Olympus Has Fallen,notalk,notalk,FAIL,70000000,98927592,150562164,2013FAIL,70000000,98927592,150562164,1,1
2013,tt1623205,Oz the Great and Powerful,ok-disagree,ok,PASS,200000000,234770996,489570996,2013PASS,200000000,234770996,489570996,1,1
2013,tt1663662,Pacific Rim,notalk-disagree,notalk,FAIL,190000000,101802906,411002906,2013FAIL,190000000,101802906,411002906,1,1
2013,tt1980209,Pain &amp; Gain,notalk,notalk,FAIL,26000000,49875291,81275291,2013FAIL,26000000,49875291,81275291,1,1
2013,tt1904996,Parker,ok,ok,PASS,35000000,17616641,46346651,2013PASS,35000000,17616641,46346651,1,1
2013,tt1699755,Peeples,dubious,dubious,FAIL,15000000,9177065,9177065,2013FAIL,15000000,9177065,9177065,1,1
2013,tt1854564,Percy Jackson: Sea of Monsters,ok,ok,PASS,90000000,68559554,200859554,2013PASS,90000000,68559554,200859554,1,1
2013,tt1392214,Prisoners,ok,ok,PASS,46000000,61002302,113402302,2013PASS,46000000,61002302,113402302,1,1
2013,tt0790736,R.I.P.D.,notalk,notalk,FAIL,130000000,33618855,79019947,2013FAIL,130000000,33618855,79019947,1,1
2013,tt1821694,Red 2,ok,ok,PASS,84000000,53262560,137162560,2013PASS,84000000,53262560,137162560,1,1
2013,tt1411250,Riddick,notalk-disagree,notalk,FAIL,38000000,42025135,92425135,2013FAIL,38000000,42025135,92425135,1,1
2013,tt2364841,Runner Runner,nowomen,nowomen,FAIL,30000000,19316646,62616646,2013FAIL,30000000,19316646,62616646,1,1
2013,tt1979320,Rush,notalk,notalk,FAIL,38000000,26947624,43047624,2013FAIL,38000000,26947624,43047624,1,1
2013,tt1702439,Safe Haven,ok,ok,PASS,28000000,71399120,93943623,2013PASS,28000000,71399120,93943623,1,1
2013,tt2140373,Saving Mr. Banks,ok,ok,PASS,35000000,82834332,100734332,2013PASS,35000000,82834332,100734332,1,1
2013,tt2053463,Side Effects,ok,ok,PASS,30000000,32172757,60288363,2013PASS,30000000,32172757,60288363,1,1
2013,tt1408101,Star Trek Into Darkness,notalk-disagree,notalk,FAIL,190000000,228778661,466978661,2013FAIL,190000000,228778661,466978661,1,1
2013,tt1572315,Texas Chainsaw 3D,ok-disagree,ok,PASS,20000000,34341945,39093317,2013PASS,20000000,34341945,39093317,1,1
2013,tt1931435,The Big Wedding,ok,ok,PASS,32500000,21819348,35770721,2013PASS,32500000,21819348,35770721,1,1
2013,tt0816442,The Book Thief,ok,ok,PASS,19000000,21345525,62045525,2013PASS,19000000,21345525,62045525,1,1
2013,tt1911644,The Call,ok,ok,PASS,13000000,51872378,58938768,2013PASS,13000000,51872378,58938768,1,1
2013,tt1457767,The Conjuring,ok,ok,PASS,20000000,137400141,318000141,2013PASS,20000000,137400141,318000141,1,1
2013,tt2193215,The Counselor,ok,ok,PASS,25000000,16973715,70373715,2013PASS,25000000,16973715,70373715,1,1
2013,tt0481499,The Croods,men-disagree,men,FAIL,135000000,187168425,573068425,2013FAIL,135000000,187168425,573068425,1,1
2013,tt2404311,The Family,men,men,FAIL,30000000,36918811,51078541,2013FAIL,30000000,36918811,51078541,1,1
2013,tt1837703,The Fifth Estate,notalk,notalk,FAIL,26000000,3254172,6154172,2013FAIL,26000000,3254172,6154172,1,1
2013,tt2005374,The Frozen Ground,nowomen-disagree,nowomen,FAIL,19200000,#N/A,#N/A,2013FAIL,19200000,#N/A,#N/A,1,1
2013,tt1343092,The Great Gatsby,dubious,dubious,FAIL,190000000,144840419,351040419,2013FAIL,190000000,144840419,351040419,1,1
2013,tt1951261,The Hangover part 3,men,men,FAIL,103000000,112200072,362000072,2013FAIL,103000000,112200072,362000072,1,1
2013,tt2404463,The Heat,ok,ok,PASS,43000000,159581587,230781587,2013PASS,43000000,159581587,230781587,1,1
2013,tt1170358,The Hobbit: The Desolation of Smaug,notalk-disagree,notalk,FAIL,250000000,257397516,937397516,2013FAIL,250000000,257397516,937397516,1,1
2013,tt1517260,The Host,dubious-disagree,dubious,FAIL,50000000,26623701,58188384,2013FAIL,50000000,26623701,58188384,1,1
2013,tt1951264,The Hunger Games: Catching Fire,ok,ok,PASS,130000000,424088260,857088260,2013PASS,130000000,424088260,857088260,1,1
2013,tt0790628,The Incredible Burt Wonderstone,notalk,notalk,FAIL,32000000,22537881,24255957,2013FAIL,32000000,22537881,24255957,1,1
2013,tt2234155,The Internship,notalk,notalk,FAIL,58000000,44672764,93672764,2013FAIL,58000000,44672764,93672764,1,1
2013,tt2034139,The Last Exorcism Part II,ok,ok,PASS,4000000,15179303,18541236,2013PASS,4000000,15179303,18541236,1,1
2013,tt1210819,The Lone Ranger,notalk,notalk,FAIL,275000000,89289910,259989910,2013FAIL,275000000,89289910,259989910,1,1
2013,tt1538403,The Mortal Instruments: City of Bones,ok-disagree,ok,PASS,60000000,31165421,75965567,2013PASS,60000000,31165421,75965567,1,1
2013,tt2184339,The Purge,dubious,dubious,FAIL,3000000,64473115,91100541,2013FAIL,3000000,64473115,91100541,1,1
2013,tt2017020,The Smurfs 2,ok,ok,PASS,110000000,71017784,348545841,2013PASS,110000000,71017784,348545841,1,1
2013,tt1758795,The To Do List,ok,ok,PASS,1500000,3491669,3491669,2013PASS,1500000,3491669,3491669,1,1
2013,tt1727388,The Way Way Back,ok-disagree,ok,PASS,5000000,21502690,26161443,2013PASS,5000000,21502690,26161443,1,1
2013,tt0993846,The Wolf of Wall Street,notalk-disagree,notalk,FAIL,100000000,115702857,365702857,2013FAIL,100000000,115702857,365702857,1,1
2013,tt1430132,The Wolverine,ok,ok,PASS,115000000,132556852,416456852,2013PASS,115000000,132556852,416456852,1,1
2013,tt1213663,The World&#39;s End,men-disagree,men,FAIL,20000000,26004851,46578821,2013FAIL,20000000,26004851,46578821,1,1
2013,tt1245492,This Is the End,notalk,notalk,FAIL,32000000,101470202,126294264,2013FAIL,32000000,101470202,126294264,1,1
2013,tt1981115,Thor: The Dark World,dubious-disagree,dubious,FAIL,170000000,204674790,631674790,2013FAIL,170000000,204674790,631674790,1,1
2013,tt1924429,Trance,nowomen,nowomen,FAIL,16000000,2322593,22594052,2013FAIL,16000000,2322593,22594052,1,1
2013,tt1860353,Turbo,dubious-disagree,dubious,FAIL,135000000,83028130,283828130,2013FAIL,135000000,83028130,283828130,1,1
2013,tt1588173,Warm Bodies,men-disagree,men,FAIL,30000000,66380662,116643610,2013FAIL,30000000,66380662,116643610,1,1
2013,tt1723121,We&#39;re the Millers,ok,ok,PASS,37000000,150394119,270000119,2013PASS,37000000,150394119,270000119,1,1
2013,tt2334879,White House Down,men,men,FAIL,150000000,73103784,205440387,2013FAIL,150000000,73103784,205440387,1,1
2013,tt0816711,World War Z,dubious-disagree,dubious,FAIL,190000000,202359711,539559711,2013FAIL,190000000,202359711,539559711,1,1
2012,tt1611224,Abraham Lincoln: Vampire Hunter,dubious-disagree,dubious,FAIL,67500000,37519139,115119139,2012FAIL,68488103,38068365,116804318,1,1
2012,tt1591479,Act of Valor,nowomen,nowomen,FAIL,12000000,70012847,82497035,2012FAIL,12175663,71037735,83704673,1,1
2012,tt1602620,Amour,dubious-disagree,dubious,FAIL,9700000,6738954,25915719,2012FAIL,9841994,6837603,26295088,1,1
2012,tt1781769,Anna Karenina,men-disagree,men,FAIL,49000000,12816367,70735540,2012FAIL,49717290,13003980,71771007,1,1
2012,tt1024648,Argo,ok-disagree,ok,PASS,44500000,136025503,221300694,2012PASS,45151416,138016721,224540219,1,1
2012,tt1440129,Battleship,notalk-disagree,notalk,FAIL,209000000,65235400,304142720,2012FAIL,212059460,66190353,308594933,1,1
2012,tt2125435,Beasts of the Southern Wild,dubious-disagree,dubious,FAIL,1800000,12795746,21080058,2012FAIL,1826349,12983057,21388640,1,1
2012,tt1758575,Blue Like Jazz,ok,ok,PASS,1200000,595018,595018,2012PASS,1217566,603728,603728,1,1
2012,tt1217209,Brave,ok,ok,PASS,185000000,237282182,554606532,2012PASS,187708135,240755653,562725176,1,1
2012,tt1308729,Bullet to the Head,nowomen,nowomen,FAIL,55000000,9489829,13561515,2012FAIL,55805121,9628746,13760036,1,1
2012,tt1991245,Chernobyl Diaries,notalk,notalk,FAIL,1000000,18119640,38390020,2012FAIL,1014639,18384886,38951995,1,1
2012,tt1706593,Chronicle,notalk,notalk,FAIL,12000000,64575175,127075175,2012FAIL,12175663,65520463,128935373,1,1
2012,tt1371111,Cloud Atlas,ok,ok,PASS,102000000,27108272,126018564,2012PASS,103493134,27505098,127863295,1,1
2012,tt1524137,Contraband,ok,ok,PASS,25000000,66528000,98406855,2012PASS,25365964,67501874,99847390,1,1
2012,tt1853728,Django Unchained,notalk-disagree,notalk,FAIL,100000000,162805434,425373688,2012FAIL,101463857,165188672,431600549,1,1
2012,tt1907668,Flight,dubious-disagree,dubious,FAIL,31000000,93772375,161772375,2012FAIL,31453796,95145068,164140491,1,1
2012,tt1142977,Frankenweenie,nowomen-disagree,nowomen,FAIL,39000000,35287788,81150788,2012FAIL,39570904,35804351,82338719,1,1
2012,tt2243973,Hannibal,ok,ok,PASS,87000000,165092266,350100280,2012PASS,88273555,167508980,355225246,1,1
2012,tt0837562,Hotel Transylvania,ok,ok,PASS,85000000,148313048,359222014,2012PASS,86244278,150484138,364480509,1,1
2012,tt0790724,Jack Reacher,notalk,notalk,FAIL,60000000,80070736,217370736,2012FAIL,60878314,81242857,220552732,1,1
2012,tt2106476,Jagten,men,men,FAIL,3450000,687185,687185,2012FAIL,3500503,697244,697244,1,1
2012,tt0401729,John Carter,ok-disagree,ok,PASS,275000000,73058679,282778100,2012PASS,279025606,74128153,286917566,1,1
2012,tt1764234,Killing Them Softly,nowomen,nowomen,FAIL,15000000,14945541,37238774,2012FAIL,15219578,15164322,37783896,1,1
2012,tt1707386,Les Miserables,ok-disagree,ok,PASS,65000000,148809770,442022894,2012PASS,65951507,150988132,448493475,1,1
2012,tt0454876,Life of Pi,notalk-disagree,notalk,FAIL,120000000,124987022,607987022,2012FAIL,121756628,126816653,616887080,1,1
2012,tt0443272,Lincoln,ok-disagree,ok,PASS,65000000,182207973,273000960,2012PASS,65951507,184875236,276997302,1,1
2012,tt1277953,Madagascar 3: Europe&#39;s Most Wanted,men-disagree,men,FAIL,145000000,216391482,746921271,2012FAIL,147122592,219559143,757855127,1,1
2012,tt1409024,Men in Black III,notalk,notalk,FAIL,215000000,179020854,624821154,2012FAIL,218147292,181641463,633967639,1,1
2012,tt1667353,Mirror Mirror,dubious,dubious,FAIL,85000000,64935167,168611991,2012FAIL,86244278,65885725,171080229,1,1
2012,tt1748122,Moonrise Kingdom,ok,ok,PASS,16000000,45512466,64012466,2012PASS,16234217,46178703,64949517,1,1
2012,tt2094064,Much Ado About Nothing,dubious-disagree,dubious,FAIL,8000000,22549338,22549338,2012FAIL,8117109,22879428,22879428,1,1
2012,tt1598828,One for the Money,ok,ok,PASS,42000000,26414527,36197221,2012PASS,42614820,26801198,36727096,1,1
2012,tt2109184,Paranormal Activity 4,ok,ok,PASS,5000000,53900335,142793842,2012PASS,5073193,54689359,144884139,1,1
2012,tt1623288,ParaNorman,notalk-disagree,notalk,FAIL,60000000,56003051,108159011,2012FAIL,60878314,56822855,109742304,1,1
2012,tt1047540,Parental Guidance,ok,ok,PASS,25000000,77267296,120168633,2012PASS,25365964,78398378,121927729,1,1
2012,tt1716777,People Like Us,ok,ok,PASS,16000000,12431792,12431792,2012PASS,16234217,12613776,12613776,1,1
2012,tt1981677,Pitch Perfect,ok,ok,PASS,17000000,65001093,115331177,2012PASS,17248856,65952616,117019460,1,1
2012,tt1547234,Premium Rush,ok,ok,PASS,35000000,20275446,31393201,2012PASS,35512350,20572249,31852752,1,1
2012,tt1234719,Red Dawn,notalk-disagree,notalk,FAIL,65000000,44806783,48164150,2012FAIL,65951507,45462690,48869204,1,1
2012,tt0485985,Red Tails,men,men,FAIL,58000000,49876377,50365498,2012FAIL,58849037,50606496,51102777,1,1
2012,tt1446192,Rise of the Guardians,notalk-disagree,notalk,FAIL,145000000,103412758,306900902,2012FAIL,147122592,104926572,311393491,1,1
2012,tt1336608,Rock of Ages,ok,ok,PASS,70000000,38518613,50118613,2012PASS,71024700,39082470,50852278,1,1
2012,tt1656190,Safe,notalk-disagree,notalk,FAIL,33000000,17142080,41495213,2012FAIL,33483073,17393015,42102643,1,1
2012,tt1862079,Safety Not Guaranteed,ok-disagree,ok,PASS,750000,4010957,4413188,2012PASS,760979,4069672,4477791,1,1
2012,tt1931533,Seven Psychopaths,notalk-disagree,notalk,FAIL,13500000,15024049,23492318,2012FAIL,13697621,15243980,23836212,1,1
2012,tt0938330,Silent Hill: Revelation 3D,ok,ok,PASS,20000000,17530219,47944599,2012PASS,20292771,17786836,48646439,1,1
2012,tt1045658,Silver Linings Playbook,ok,ok,PASS,21000000,132092958,227317397,2012PASS,21307410,134026609,230644998,1,1
2012,tt1922777,Sinister,men,men,FAIL,3000000,48086903,87727807,2012FAIL,3043916,48790826,89012016,1,1
2012,tt1074638,Skyfall,dubious-disagree,dubious,FAIL,200000000,304360277,1108694081,2012FAIL,202927713,308815675,1124923772,1,1
2012,tt1735898,Snow White and the Huntsman,ok,ok,PASS,170000000,155136755,400911200,2012PASS,172488556,157407735,406779965,1,1
2012,tt1876451,Sparkle,ok,ok,PASS,10000000,24397469,24660323,2012PASS,10146386,24754613,25021315,1,1
2012,tt2101441,Spring Breakers,ok,ok,PASS,5000000,14124286,30669531,2012PASS,5073193,14331045,31118489,1,1
2012,tt1800741,Step Up Revolution,ok,ok,PASS,33000000,35074677,165552290,2012PASS,33483073,35588120,167975738,1,1
2012,tt1874789,Supporting Characters,men,men,FAIL,60000,4917,4917,2012FAIL,60878,4989,4989,1,1
2012,tt1637725,Ted,men-disagree,men,FAIL,50000000,218665740,549444574,2012FAIL,50731928,221866693,557487654,1,1
2012,tt1232200,That&#39;s My Boy,notalk,notalk,FAIL,67500000,36931089,58058367,2012FAIL,68488103,37471707,58908258,1,1
2012,tt0948470,The Amazing Spider-Man,men-disagree,men,FAIL,220000000,262030663,757890267,2012FAIL,223220484,265866416,768984693,1,1
2012,tt0848228,The Avengers,notalk,notalk,FAIL,60000000,23385416,48585416,2012FAIL,60878314,23727745,49296637,1,1
2012,tt1345836,The Dark Knight Rises,notalk-disagree,notalk,FAIL,275000000,448139099,1079343943,2012FAIL,279025606,454699213,1095143990,1,1
2012,tt1560985,The Devil Inside,ok-disagree,ok,PASS,1000000,53261944,101758489,2012PASS,1014639,54041622,103248087,1,1
2012,tt1645170,The Dictator,notalk,notalk,FAIL,65000000,59650222,179379532,2012FAIL,65951507,60523416,182005391,1,1
2012,tt1764651,The Expendables 2,ok-disagree,ok,PASS,100000000,85028192,311979256,2012PASS,101463857,86272883,316546185,1,1
2012,tt1601913,The Grey,nowomen-disagree,nowomen,FAIL,25000000,51580136,84339696,2012FAIL,25365964,52335195,85574308,1,1
2012,tt0903624,The Hobbit: An Unexpected Journey,nowomen-disagree,nowomen,FAIL,250000000,303003568,1014703568,2012FAIL,253659641,307439106,1029557373,1,1
2012,tt1392170,The Hunger Games,ok-disagree,ok,PASS,80000000,408010692,684510692,2012PASS,81171085,413983383,694530947,1,1
2012,tt1649419,The Impossible,men,men,FAIL,40000000,19019882,169590606,2012FAIL,40585543,19298306,172073169,1,1
2012,tt1258972,The Man with the Iron Fists,notalk,notalk,FAIL,15000000,15634090,21985095,2012FAIL,15219578,15862951,22306925,1,1
2012,tt1560747,The Master,notalk-disagree,notalk,FAIL,37500000,16247159,25116740,2012FAIL,38048946,16484994,25484413,1,1
2012,tt1430626,The Pirates! Band of Misfits,notalk,notalk,FAIL,55000000,31051126,123056220,2012FAIL,55805121,31505670,124857587,1,1
2012,tt1817273,The Place Beyond the Pines,notalk-disagree,notalk,FAIL,15000000,21403519,47011449,2012FAIL,15219578,21716836,47699629,1,1
2012,tt1673434,The Twilight Saga: Breaking Dawn - Part 2,dubious-disagree,dubious,FAIL,136200000,292324737,832660037,2012FAIL,138193773,296603952,844848985,1,1
2012,tt1606389,The Vow,ok,ok,PASS,8738320,125014030,197618160,2012PASS,8866236,126844056,200511006,1,1
2012,tt1298649,The Watch,men,men,FAIL,55000000,34353000,67353000,2012FAIL,55805121,34855879,68338951,1,1
2012,tt1596365,The Woman in Black,notalk,notalk,FAIL,15000000,54333290,128955898,2012FAIL,15219578,55128651,130843627,1,1
2012,tt1840417,The Words,notalk,notalk,FAIL,6000000,11494838,12132578,2012FAIL,6087831,11663106,12310182,1,1
2012,tt1621045,Think Like a Man,ok,ok,PASS,12000000,91547205,96155124,2012PASS,12175663,92887325,97562697,1,1
2012,tt1859650,To Rome With Love,men-disagree,men,FAIL,21500000,16684352,74363777,2012FAIL,21814729,16928587,75452356,1,1
2012,tt1386703,Total Recall,notalk-disagree,notalk,FAIL,125000000,58877969,198615996,2012FAIL,126829821,59739858,201523449,1,1
2012,tt1496025,Underworld: Awakening,ok,ok,PASS,70000000,62321039,160379930,2012PASS,71024700,63233330,162727662,1,1
2012,tt1655460,Wanderlust,ok,ok,PASS,32500000,17288155,24159934,2012PASS,32975753,17541229,24513601,1,1
2012,tt1586265,What to Expect When You&#39;re Expecting,ok,ok,PASS,37500000,41152203,80652203,2012PASS,38048946,41754612,81832836,1,1
2012,tt1870529,Won&#39;t Back Down,ok,ok,PASS,19000000,5310554,5431486,2012PASS,19278133,5388293,5510995,1,1
2012,tt1646987,Wrath of the Titans,notalk-disagree,notalk,FAIL,150000000,83670083,301970083,2012FAIL,152195785,84894893,306390492,1,1
2012,tt1772341,Wreck-It Ralph,ok-disagree,ok,PASS,165000000,189412677,473412677,2012PASS,167415363,192185407,480342759,1,1
2012,tt1790885,Zero Dark Thirty,ok-disagree,ok,PASS,52500000,95720716,137720716,2012PASS,53268525,97121930,139736750,1,1
2011,tt1622547,30 Minutes or Less,notalk,notalk,FAIL,28000000,37053924,40966716,2011FAIL,28999342,38376408,42428850,1,1
2011,tt1306980,50/50,men-disagree,men,FAIL,8000000,35016118,41334735,2011FAIL,8285526,36265871,42810004,1,1
2011,tt1571222,A Dangerous Method,dubious,dubious,FAIL,20000000,5702083,14807531,2011FAIL,20713816,5905595,15336023,1,1
2011,tt1422136,A Lonely Place to Die,ok,ok,PASS,4000000,#N/A,442550,2011PASS,4142763,#N/A,458345,1,1
2011,tt1268799,A Very Harold &amp; Kumar 3D Christmas,notalk,notalk,FAIL,20000000,35061031,36265745,2011FAIL,20713816,36312387,37560098,1,1
2011,tt1549572,Another Earth,ok,ok,PASS,175000,1321194,1781194,2011PASS,181246,1368348,1844766,1,1
2011,tt1772240,Apollo 18,nowomen,nowomen,FAIL,5000000,17686929,26517819,2011FAIL,5178454,18318189,27464261,1,1
2011,tt1430607,Arthur Christmas,notalk,notalk,FAIL,85000000,46462469,147624649,2011FAIL,88033717,48120751,152893489,1,1
2011,tt1478964,Attack the Block,ok-disagree,ok,PASS,13000000,1024175,5406422,2011PASS,13463980,1060729,5599381,1,1
2011,tt1284575,Bad Teacher,ok-disagree,ok,PASS,19000000,100292856,216412265,2011PASS,19678125,103872387,224136189,1,1
2011,tt1217613,Battle: Los Angeles,notalk-disagree,notalk,FAIL,70000000,83552429,212005201,2011FAIL,72498355,86534481,219571833,1,1
2011,tt1152398,Beastly,notalk,notalk,FAIL,17000000,27865571,38028230,2011FAIL,17606743,28860115,39385487,1,1
2011,tt1629705,Blackthorn,notalk,notalk,FAIL,4500000,200558,1249765,2011FAIL,4660609,207716,1294370,1,1
2011,tt1478338,Bridesmaids,ok-disagree,ok,PASS,32500000,169106725,289263136,2011PASS,33659951,175142277,299587165,1,1
2011,tt0458339,Captain America: The First Avenger,notalk-disagree,notalk,FAIL,140000000,176654505,370569776,2011FAIL,144996710,182959443,383795703,1,1
2011,tt1216475,Cars 2,men,men,FAIL,200000000,191450875,560155383,2011FAIL,207138157,198283907,580147769,1,1
2011,tt1684628,Circumstance,ok,ok,PASS,900000,454121,454121,2011PASS,932122,470329,470329,1,1
2011,tt1657507,Colombiana,notalk,notalk,FAIL,40000000,36665854,71698079,2011FAIL,41427631,37974487,74257040,1,1
2011,tt0816462,Conan the Barbarian,dubious-disagree,dubious,FAIL,20000000,38264085,79114085,2011FAIL,20713816,39629760,81937729,1,1
2011,tt1598778,Contagion,ok-disagree,ok,PASS,60000000,75658097,137551594,2011PASS,62141447,78358394,142460919,1,1
2011,tt1372686,Coriolanus,men,men,FAIL,10000000,749641,1049641,2011FAIL,10356908,776396,1087104,1,1
2011,tt0409847,Cowboys &amp; Aliens,notalk,notalk,FAIL,163000000,100240551,175910315,2011FAIL,168817598,103818215,182188693,1,1
2011,tt1701990,Detention,ok,ok,PASS,10000000,#N/A,#N/A,2011PASS,10356908,#N/A,#N/A,1,1
2011,tt1650043,Diary of a Wimpy Kid: Rodrick Rules,notalk,notalk,FAIL,18000000,52698535,73695194,2011FAIL,18642434,54579387,76325433,1,1
2011,tt1564349,Dolphin Tale,men,men,FAIL,37000000,72286779,96068724,2011FAIL,38320559,74866751,99497492,1,1
2011,tt1462041,Dream House,ok,ok,PASS,50000000,21302340,39932340,2011PASS,51784539,22062637,41357557,1,1
2011,tt0780504,Drive,dubious-disagree,dubious,FAIL,15000000,35060689,78054825,2011FAIL,15535362,36312033,80840663,1,1
2011,tt1596343,Fast Five,ok-disagree,ok,PASS,125000000,209837675,629841284,2011PASS,129461348,217326947,652320815,1,1
2011,tt1622979,Final Destination 5,men,men,FAIL,40000000,42587643,157887643,2011FAIL,41427631,44107629,163522777,1,1
2011,tt1068242,Footloose,ok,ok,PASS,24000000,51802742,63412773,2011PASS,24856579,53651623,65676025,1,1
2011,tt1438176,Fright Night,dubious,dubious,FAIL,30000000,18298649,40520649,2011FAIL,31070724,18951742,41966863,1,1
2011,tt1133985,Green Lantern,notalk-disagree,notalk,FAIL,200000000,116601172,231201172,2011FAIL,207138157,120762760,239452924,1,1
2011,tt0480687,Hall Pass,men,men,FAIL,36000000,45060734,83693266,2011FAIL,37284868,46668987,86680344,1,1
2011,tt0993842,Hanna,ok,ok,PASS,30000000,40259119,65343694,2011PASS,31070724,41695999,67675862,1,1
2011,tt1201607,Harry Potter and the Deathly Hallows: Part 2,notalk-disagree,notalk,FAIL,125000000,381011219,1328111219,2011FAIL,129461348,394609809,1375512553,1,1
2011,tt1506999,Haywire,nowomen-disagree,nowomen,FAIL,23000000,18942396,22176190,2011FAIL,23820888,19618465,22967676,1,1
2011,tt1403177,Hesher,notalk,notalk,FAIL,7000000,382946,382946,2011FAIL,7249836,396614,396614,1,1
2011,tt1562568,Higher Ground,ok,ok,PASS,1800000,841056,859182,2011PASS,1864243,871074,889847,1,1
2011,tt1640459,Hobo with a Shotgun,nowomen,nowomen,FAIL,3000000,703372,834953,2011FAIL,3107072,728476,864753,1,1
2011,tt1411704,Hop,men,men,FAIL,63000000,108085305,184924333,2011FAIL,65248520,111942955,191524428,1,1
2011,tt1499658,Horrible Bosses,ok,ok,PASS,35000000,117538559,214538559,2011PASS,36249178,121733603,222195609,1,1
2011,tt0970179,Hugo,dubious,dubious,FAIL,180000000,73864507,185033215,2011FAIL,186424342,76500789,191637196,1,1
2011,tt1464540,I Am Number Four,notalk,notalk,FAIL,50000000,55100437,145982797,2011FAIL,51784539,57067015,151193038,1,1
2011,tt1253864,Immortals,men,men,FAIL,75000000,83504017,211562435,2011FAIL,77676809,86484341,219113265,1,1
2011,tt1637688,In Time,notalk,notalk,FAIL,35000000,37553932,170064664,2011FAIL,36249178,38894261,176134406,1,1
2011,tt1606618,Iris,ok,ok,PASS,5500000,5580479,15155021,2011PASS,5696299,5779651,15695916,1,1
2011,tt1410063,Jin ling shi san chai,ok,ok,PASS,100000000,311434,93721434,2011PASS,103569079,322549,97066426,1,1
2011,tt1634122,Johnny English Reborn,dubious,dubious,FAIL,45000000,8305970,164539660,2011FAIL,46606085,8602417,170412210,1,1
2011,tt1640484,Jumping the Broom,ok,ok,PASS,7000000,37295394,38158601,2011PASS,7249836,38626496,39520511,1,1
2011,tt1564367,Just Go with It,dubious,dubious,FAIL,80000000,103028109,214974953,2011FAIL,82855263,106705263,222647578,1,1
2011,tt1788391,Kill List,dubious,dubious,FAIL,800000,29063,462206,2011FAIL,828553,30100,478703,1,1
2011,tt1448755,Killer Elite,nowomen,nowomen,FAIL,70000000,25124986,57777106,2011FAIL,72498355,26021717,59839216,1,1
2011,tt1302011,Kung Fu Panda 2,ok,ok,PASS,150000000,165249063,664837547,2011PASS,155353618,171146932,688566122,1,1
2011,tt1508675,Le Havre,dubious,dubious,FAIL,5500000,611709,13480196,2011FAIL,5696299,633541,13961315,1,1
2011,tt1758692,Like Crazy,ok-disagree,ok,PASS,250000,3395391,3731489,2011PASS,258923,3516575,3864669,1,1
2011,tt1219289,Limitless,notalk,notalk,FAIL,27000000,79249455,169739455,2011FAIL,27963651,82077930,175797590,1,1
2011,tt0466893,Margaret,ok,ok,PASS,14000000,47185,47185,2011PASS,14499671,48869,48869,1,1
2011,tt1615147,Margin Call,notalk-disagree,notalk,FAIL,3400000,5353586,17872206,2011FAIL,3521349,5544660,18510079,1,1
2011,tt1305591,Mars Needs Moms,dubious,dubious,FAIL,150000000,21392758,39549758,2011FAIL,155353618,22156282,40961320,1,1
2011,tt1441326,Martha Marcy May Marlene,ok,ok,PASS,1000000,2981038,3531038,2011PASS,1035691,3087434,3657064,1,1
2011,tt1527186,Melancholia,ok,ok,PASS,9400000,3030848,18044073,2011PASS,9735493,3139021,18688080,1,1
2011,tt1605783,Midnight in Paris,ok,ok,PASS,30000000,56816662,154816662,2011PASS,31070724,58844493,160342190,1,1
2011,tt1229238,Mission: Impossible - Ghost Protocol,notalk-disagree,notalk,FAIL,145000000,209397903,694713230,2011FAIL,150175164,216871479,719508092,1,1
2011,tt1210166,Moneyball,notalk,notalk,FAIL,50000000,75605492,111174374,2011FAIL,51784539,78303911,115142275,1,1
2011,tt1396218,Mr. Popper&#39;s Penguins,notalk,notalk,FAIL,55000000,68224452,189624452,2011FAIL,56962993,70659436,196392298,1,1
2011,tt1598822,New Year&#39;s Eve,ok,ok,PASS,26000000,54544638,143663899,2011PASS,26927960,56491379,148791377,1,1
2011,tt1411238,No Strings Attached,ok,ok,PASS,25000000,70662220,149228078,2011PASS,25892270,73184210,154554145,1,1
2011,tt1720182,October Baby,ok,ok,PASS,1000000,5355847,5355847,2011PASS,1035691,5547001,5547001,1,1
2011,tt1637706,Our Idiot Brother,ok,ok,PASS,5000000,24814830,25861249,2011PASS,5178454,25700491,26784257,1,1
2011,tt1778304,Paranormal Activity 3,ok,ok,PASS,5000000,104028807,207039844,2011PASS,5178454,107741677,214429259,1,1
2011,tt1092026,Paul,ok,ok,PASS,40000000,37412945,100179814,2011PASS,41427631,38748242,103755310,1,1
2011,tt1298650,Pirates of the Caribbean: On Stranger Tides,notalk,notalk,FAIL,250000000,241063875,1043663875,2011FAIL,258922697,249667634,1080913060,1,1
2011,tt0822847,Priest,notalk-disagree,notalk,FAIL,60000000,29136626,84154026,2011FAIL,62141447,30176535,87157549,1,1
2011,tt0448694,Puss in Boots,notalk,notalk,FAIL,130000000,149260504,554987477,2011FAIL,134639802,154587729,574795417,1,1
2011,tt1192628,Rango,notalk-disagree,notalk,FAIL,135000000,123257581,245504574,2011FAIL,139818256,127656741,254266825,1,1
2011,tt0433035,Real Steel,notalk,notalk,FAIL,110000000,85463309,293237309,2011FAIL,113925987,88513562,303703179,1,1
2011,tt1486185,Red Riding Hood,ok,ok,PASS,42000000,37662162,90300442,2011PASS,43499013,39006354,93523336,1,1
2011,tt0873886,Red State,ok,ok,PASS,4000000,1065429,1065429,2011PASS,4142763,1103455,1103455,1,1
2011,tt1498569,Restless,ok,ok,PASS,8000000,163753,2818394,2011PASS,8285526,169597,2918985,1,1
2011,tt1436562,Rio,notalk,notalk,FAIL,90000000,143619809,487519809,2011FAIL,93212171,148745713,504919774,1,1
2011,tt1318514,Rise of the Planet of the Apes,notalk,notalk,FAIL,93000000,176760185,482860185,2011FAIL,96319243,183068895,500093845,1,1
2011,tt1723811,Shame,notalk,notalk,FAIL,6500000,4002293,10781688,2011FAIL,6731990,4145138,11166495,1,1
2011,tt1541995,Snow Flower and the Secret Fan,ok,ok,PASS,6000000,1348205,11348205,2011PASS,6214145,1396324,11753231,1,1
2011,tt1596346,Soul Surfer,ok,ok,PASS,18000000,43853424,47158652,2011PASS,18642434,45418587,48841781,1,1
2011,tt0945513,Source Code,notalk-disagree,notalk,FAIL,32000000,54712227,140428499,2011FAIL,33142105,56664949,145440503,1,1
2011,tt0999913,Straw Dogs,ok,ok,PASS,25000000,10324441,11253821,2011PASS,25892270,10692928,11655479,1,1
2011,tt0978764,Sucker Punch,ok-disagree,ok,PASS,75000000,36392502,89758389,2011PASS,77676809,37691379,92961937,1,1
2011,tt1650062,Super 8,ok-disagree,ok,PASS,50000000,127004179,260095987,2011PASS,51784539,131537058,269379017,1,1
2011,tt1675192,Take Shelter,ok,ok,PASS,4750000,1728953,3128953,2011PASS,4919531,1790661,3240628,1,1
2011,tt1385826,The Adjustment Bureau,dubious-disagree,dubious,FAIL,50200000,62495645,127793502,2011FAIL,51991677,64726164,132354553,1,1
2011,tt0983193,The Adventures of Tintin,notalk,notalk,FAIL,130000000,77591831,373993951,2011FAIL,134639802,80361144,387342089,1,1
2011,tt1655442,The Artist,notalk-disagree,notalk,FAIL,16000000,44667095,128256712,2011FAIL,16571053,46261299,132834295,1,1
2011,tt1412386,The Best Exotic Marigold Hotel,ok,ok,PASS,10000000,46383639,134729347,2011PASS,10356908,48039108,139537943,1,1
2011,tt1259521,The Cabin in the Woods,dubious-disagree,dubious,FAIL,30000000,42073277,70768144,2011FAIL,31070724,43574905,73293915,1,1
2011,tt1093357,The Darkest Hour,ok,ok,PASS,34800000,21443494,62831715,2011PASS,36042039,22208829,65074228,1,1
2011,tt1535616,The Divide,ok,ok,PASS,3000000,18000,18000,2011PASS,3107072,18642,18642,1,1
2011,tt1235170,The Future,ok,ok,PASS,1000000,568662,568662,2011PASS,1035691,588958,588958,1,1
2011,tt1568346,The Girl with the Dragon Tattoo,notalk-disagree,notalk,FAIL,90000000,102515793,233170238,2011FAIL,93212171,106174662,241492267,1,1
2011,tt0990407,The Green Hornet,notalk,notalk,FAIL,110000000,98780042,227983150,2011FAIL,113925987,102305579,236120048,1,1
2011,tt1540133,The Guard,notalk,notalk,FAIL,6000000,5359774,15944629,2011FAIL,6214145,5551069,16513705,1,1
2011,tt1454029,The Help,ok,ok,PASS,25000000,169705587,213120004,2011PASS,25892270,175762513,220726425,1,1
2011,tt1007029,The Iron Lady,ok,ok,PASS,14000000,29959436,115592104,2011PASS,14499671,31028712,119717677,1,1
2011,tt1189340,The Lincoln Lawyer,notalk,notalk,FAIL,40000000,58009200,87145086,2011FAIL,41427631,60079594,90255363,1,1
2011,tt0472399,The Mechanic,nowomen,nowomen,FAIL,42500000,29121498,76347393,2011FAIL,44016858,30160867,79072292,1,1
2011,tt1204342,The Muppets,notalk-disagree,notalk,FAIL,45000000,88625922,160971922,2011FAIL,46606085,91789051,166717137,1,1
2011,tt1161864,The Rite,dubious-disagree,dubious,FAIL,37000000,33047633,96047633,2011FAIL,38320559,34227129,99475649,1,1
2011,tt1265990,The Roommate,ok,ok,PASS,16000000,37300107,40497461,2011PASS,16571053,38631377,41942847,1,1
2011,tt0472181,The Smurfs,ok,ok,PASS,110000000,142614158,563066551,2011PASS,113925987,147704169,583162839,1,1
2011,tt1509767,The Three Musketeers,men,men,FAIL,90000000,20377913,139877913,2011FAIL,93212171,21105217,144870266,1,1
2011,tt0478304,The Tree of Life,nowomen-disagree,nowomen,FAIL,35000000,13305665,62305665,2011FAIL,36249178,13780555,64529403,1,1
2011,tt1324999,The Twilight Saga: Breaking Dawn - Part 1,ok,ok,PASS,127500000,281287133,709938657,2011PASS,132050575,291326492,735276926,1,1
2011,tt0800369,Thor,ok-disagree,ok,PASS,150000000,181030624,449326618,2011PASS,155353618,187491749,465363438,1,1
2011,tt1340800,Tinker Tailor Soldier Spy,notalk,notalk,FAIL,21000000,24149393,81452811,2011FAIL,21749507,25011304,84359926,1,1
2011,tt0471042,Tower Heist,notalk,notalk,FAIL,85000000,78046570,153470352,2011FAIL,88033717,80832113,158947830,1,1
2011,tt1399103,Transformers: Dark of the Moon,ok-disagree,ok,PASS,195000000,352390543,1123794076,2011PASS,201959703,364967639,1163903170,1,1
2011,tt1568911,War Horse,notalk-disagree,notalk,FAIL,70000000,79883359,156815529,2011FAIL,72498355,82734459,162412399,1,1
2011,tt1291584,Warrior,notalk,notalk,FAIL,25000000,13657115,24215385,2011FAIL,25892270,14144548,25079651,1,1
2011,tt1389137,We Bought a Zoo,men-disagree,men,FAIL,50000000,75624550,118924550,2011FAIL,51784539,78323650,123169061,1,1
2011,tt1714210,Weekend,notalk,notalk,FAIL,190000,484592,1577585,2011FAIL,196781,501887,1633890,1,1
2011,tt0770703,What&#39;s Your Number,ok,ok,PASS,20000000,14011084,30711084,2011PASS,20713816,14511151,31807187,1,1
2011,tt1449283,Winnie the Pooh,nowomen,nowomen,FAIL,30000000,26692846,50145607,2011FAIL,31070724,27645535,51935343,1,1
2011,tt1270798,X-Men: First Class,ok-disagree,ok,PASS,160000000,146408305,355408305,2011PASS,165710526,151633733,368093107,1,1
2011,tt1625346,Young Adult,ok,ok,PASS,12000000,16311571,22750356,2011PASS,12428289,16893744,23562334,1,1
2011,tt1742336,Your Sister&#39;s Sister,ok,ok,PASS,120000,1597486,3090593,2011PASS,124283,1654502,3200899,1,1
2010,tt1542344,127 Hours,dubious-disagree,dubious,FAIL,18000000,18335230,60735230,2010FAIL,19228173,19586277,64879307,1,1
2010,tt1014759,Alice in Wonderland,ok,ok,PASS,200000000,334191110,1024391110,2010PASS,213646368,356993585,1094287202,1,1
2010,tt1313092,Animal Kingdom,notalk,notalk,FAIL,4200000,1044039,8078683,2010FAIL,4486574,1115276,8629906,1,1
2010,tt1431181,Another Year,ok,ok,PASS,8000000,3205706,18505706,2010PASS,8545855,3424437,19768384,1,1
2010,tt1423894,Barney&#39;s Version,ok,ok,PASS,30000000,7502560,8845575,2010PASS,32046955,8014473,9449125,1,1
2010,tt1532503,Beginners,notalk,notalk,FAIL,3200000,5790894,11564267,2010FAIL,3418342,6186017,12353318,1,1
2010,tt1164999,Biutiful,notalk,notalk,FAIL,35000000,5101237,25101237,2010FAIL,37388114,5449304,26813941,1,1
2010,tt0947798,Black Swan,ok-disagree,ok,PASS,13000000,106954678,331266710,2010PASS,13887014,114252393,353869648,1,1
2010,tt1120985,Blue Valentine,men-disagree,men,FAIL,1000000,9737892,16566240,2010FAIL,1068232,10402326,17696585,1,1
2010,tt1126591,Burlesque,ok,ok,PASS,55000000,39440655,89657398,2010PASS,58752751,42131764,95774887,1,1
2010,tt1194417,Casino Jack,notalk-disagree,notalk,FAIL,12500000,2039869,2080869,2010FAIL,13352898,2179053,2222851,1,1
2010,tt1020558,Centurion,notalk,notalk,FAIL,15000000,123570,6623570,2010FAIL,16023478,132001,7075508,1,1
2010,tt1438254,Charlie St. Cloud,notalk-disagree,notalk,FAIL,44000000,31206263,48478084,2010FAIL,47002201,33335524,51785833,1,1
2010,tt0800320,Clash of the Titans,dubious,dubious,FAIL,125000000,163214888,493214888,2010FAIL,133528980,174351340,526867848,1,1
2010,tt1244754,Conviction,ok,ok,PASS,12500000,6797696,10133552,2010PASS,13352898,7261515,10824983,1,1
2010,tt1385867,Cop Out,notalk,notalk,FAIL,37000000,44875481,55909910,2010FAIL,39524578,47937418,59724746,1,1
2010,tt1555064,Country Strong,ok,ok,PASS,15000000,20218921,20551476,2010PASS,16023478,21598495,21953741,1,1
2010,tt1336617,Cyrus,notalk,notalk,FAIL,7000000,7468936,10039886,2010FAIL,7477623,7978555,10724926,1,1
2010,tt1279935,Date Night,ok,ok,PASS,55000000,98711404,152269033,2010PASS,58752751,105446665,162658630,1,1
2010,tt0989757,Dear John,nowomen,nowomen,FAIL,25000000,80014842,111362410,2010FAIL,26705796,85474402,118960872,1,1
2010,tt1323594,Despicable Me,ok-disagree,ok,PASS,69000000,251513985,543495033,2010PASS,73707997,268675247,580578700,1,1
2010,tt1314655,Devil,ok-disagree,ok,PASS,10000000,33679655,63354114,2010PASS,10682318,35977680,67676882,1,1
2010,tt1196141,Diary of a Wimpy Kid,ok,ok,PASS,15000000,64003625,76954311,2010PASS,16023478,68370710,82205045,1,1
2010,tt0427152,Dinner for Schmucks,notalk,notalk,FAIL,69000000,73026337,86796502,2010FAIL,73707997,78009058,92718787,1,1
2010,tt1270761,Don&#39;t Be Afraid of the Dark,ok,ok,PASS,25000000,24046682,31551048,2010PASS,26705796,25687431,33703834,1,1
2010,tt1231583,Due Date,notalk,notalk,FAIL,65000000,100539043,211739043,2010FAIL,69435070,107399007,226186388,1,1
2010,tt1013860,Dylan Dog: Dead of Night,nowomen,nowomen,FAIL,20000000,1186538,6090697,2010FAIL,21364637,1267498,6506276,1,1
2010,tt1282140,Easy A,ok-disagree,ok,PASS,8000000,58401464,76200721,2010PASS,8545855,62386303,81400037,1,1
2010,tt0879870,"Eat, Pray, Love",ok-disagree,ok,PASS,60000000,80574010,205846861,2010PASS,64093910,86071723,219892171,1,1
2010,tt1226273,Edge of Darkness,notalk,notalk,FAIL,60000000,43313890,81208697,2010FAIL,64093910,46269276,86749716,1,1
2010,tt1531663,Everything Must Go,notalk,notalk,FAIL,5000000,2712131,2712131,2010FAIL,5341159,2897185,2897185,1,1
2010,tt0977855,Fair Game,ok,ok,PASS,50000000,11497497,26097497,2010PASS,53411592,12281992,27878177,1,1
2010,tt1433108,Faster,nowomen,nowomen,FAIL,12000000,23240020,35658648,2010FAIL,12818782,24825729,38091703,1,1
2010,tt1405500,For Colored Girls,ok,ok,PASS,21000000,37729698,38017873,2010PASS,22432869,40304065,40611902,1,1
2010,tt1323045,Frozen,notalk,notalk,FAIL,150000000,393050114,1004550114,2010FAIL,160234776,419868647,1073092418,1,1
2010,tt1226229,Get Him To The Greek,notalk,notalk,FAIL,40000000,61153526,91455875,2010FAIL,42729274,65326144,97696078,1,1
2010,tt1322312,Going the Distance,ok,ok,PASS,32000000,17804299,39990165,2010PASS,34183419,19019119,42718768,1,1
2010,tt0947810,Green Zone,nowomen-disagree,nowomen,FAIL,100000000,35497337,97523020,2010FAIL,106823184,37919386,104177195,1,1
2010,tt1375670,Grown Ups,ok-disagree,ok,PASS,75000000,162001186,272223430,2010PASS,80117388,173054825,290797736,1,1
2010,tt1376195,Gunless,men,men,FAIL,9900000,458054,458054,2010FAIL,10575495,489308,489308,1,1
2010,tt0926084,Harry Potter and the Deathly Hallows: Part 1,ok-disagree,ok,PASS,125000000,295983305,956399711,2010PASS,133528980,316178791,1021656625,1,1
2010,tt1231587,Hot Tub Time Machine,notalk,notalk,FAIL,36000000,50269859,63209958,2010FAIL,38456346,53699864,67522890,1,1
2010,tt0892769,How to Train Your Dragon,ok,ok,PASS,165000000,217581231,494870991,2010PASS,176258254,232427199,528636950,1,1
2010,tt1226236,I Am Love,ok,ok,PASS,10000000,5005465,15132211,2010PASS,10682318,5346997,16164710,1,1
2010,tt1375666,Inception,dubious-disagree,dubious,FAIL,160000000,292576195,832584416,2010FAIL,170917095,312539208,889393184,1,1
2010,tt1591095,Insidious,ok-disagree,ok,PASS,1500000,54009150,99870886,2010PASS,1602348,57694294,106685260,1,1
2010,tt1228705,Iron Man 2,ok,ok,PASS,170000000,312433331,623561331,2010PASS,181599413,333751233,666108069,1,1
2010,tt0804497,It&#39;s Kind of a Funny Story,notalk,notalk,FAIL,8000000,6363628,6628326,2010FAIL,8545855,6797830,7080589,1,1
2010,tt1250777,Kick-Ass,notalk-disagree,notalk,FAIL,28000000,48071303,97527535,2010FAIL,29910492,51351297,104182018,1,1
2010,tt1013743,Knight and Day,men-disagree,men,FAIL,117000000,76423035,262142047,2010FAIL,124983125,81637519,280028482,1,1
2010,tt1038686,Legion,ok,ok,PASS,26000000,40168080,68854097,2010PASS,27774028,42908822,73552139,1,1
2010,tt1228987,Let Me In,notalk-disagree,notalk,FAIL,20000000,12134935,28270399,2010FAIL,21364637,12962924,30199340,1,1
2010,tt0892318,Letters to Juliet,dubious-disagree,dubious,FAIL,30000000,53032453,79135982,2010FAIL,32046955,56650955,84535576,1,1
2010,tt0758752,Love and Other Drugs,men-disagree,men,FAIL,30000000,32367005,102719647,2010FAIL,32046955,34575465,109728398,1,1
2010,tt0985694,Machete,ok,ok,PASS,12500000,26593646,44331957,2010PASS,13352898,28408179,47356808,1,1
2010,tt1371155,Made In Dagenham,ok,ok,PASS,8000000,1095369,15644196,2010PASS,8545855,1170108,16711628,1,1
2010,tt1518812,Meek&#39;s Cutoff,men,men,FAIL,2000000,977772,1869928,2010FAIL,2136464,1044487,1997517,1,1
2010,tt1001526,Megamind,nowomen-disagree,nowomen,FAIL,130000000,148415853,321887208,2010FAIL,138870139,158542540,343850165,1,1
2010,tt1470827,Monsters,nowomen-disagree,nowomen,FAIL,500000,237301,5639730,2010FAIL,534116,253492,6024539,1,1
2010,tt1126618,Morning Glory,ok,ok,PASS,40000000,31011732,60040974,2010PASS,42729274,33127720,64137680,1,1
2010,tt1415283,Nanny McPhee and the Big Bang,ok,ok,PASS,35000000,29197642,97799865,2010PASS,37388114,31189851,104472930,1,1
2010,tt1334260,Never Let Me Go,ok,ok,PASS,15000000,2434652,11509512,2010PASS,16023478,2600773,12294827,1,1
2010,tt1536044,Paranormal Activity 2,ok,ok,PASS,3000000,84752907,177512032,2010PASS,3204696,90535754,189624005,1,1
2010,tt0814255,Percy Jackson &amp; the Olympians: The Lightning Thief,dubious-disagree,dubious,FAIL,95000000,88768303,226467130,2010FAIL,101482025,94825128,241919399,1,1
2010,tt0878835,Please Give,ok,ok,PASS,3000000,4033574,4570178,2010PASS,3204696,4308792,4882010,1,1
2010,tt1424381,Predators,nowomen,nowomen,FAIL,40000000,52000688,127234389,2010FAIL,42729274,55548791,135915826,1,1
2010,tt0473075,Prince of Persia: The Sands of Time,nowomen,nowomen,FAIL,200000000,90759676,335059676,2010FAIL,213646368,96952376,357921415,1,1
2010,tt0935075,Rabbit Hole,ok,ok,PASS,5000000,2229058,5839592,2010PASS,5341159,2381151,6238038,1,1
2010,tt0493949,Ramona and Beezus,ok,ok,PASS,15000000,26167002,27469621,2010PASS,16023478,27952425,29343924,1,1
2010,tt1245526,Red,men-disagree,men,FAIL,60000000,90380162,196439693,2010FAIL,64093910,96546967,209843135,1,1
2010,tt1403981,Remember Me,ok,ok,PASS,16000000,19068240,56506120,2010PASS,17091709,20369301,60361637,1,1
2010,tt1053424,Repo Men,ok,ok,PASS,32000000,13942007,18195238,2010PASS,34183419,14893296,19436733,1,1
2010,tt0955308,Robin Hood,dubious-disagree,dubious,FAIL,210000000,105487148,322459006,2010FAIL,224328687,112684730,344460978,1,1
2010,tt0944835,Salt,ok-disagree,ok,PASS,130000000,118311368,295713467,2010PASS,138870139,126383971,315890541,1,1
2010,tt0446029,Scott Pilgrim vs. the World,ok,ok,PASS,85000000,31611316,48089760,2010PASS,90799707,33768214,51371013,1,1
2010,tt1028576,Secretariat,ok,ok,PASS,35000000,59699513,60376247,2010PASS,37388114,63772921,64495830,1,1
2010,tt1261945,Sex and the city 2,ok,ok,PASS,95000000,95347692,294680778,2010PASS,101482025,101853441,314787390,1,1
2010,tt0892791,Shrek Forever After,notalk,notalk,FAIL,165000000,238736787,756244673,2010FAIL,176258254,255026238,807844640,1,1
2010,tt1130884,Shutter Island,notalk,notalk,FAIL,80000000,128012934,296831073,2010FAIL,85458547,136747492,317084404,1,1
2010,tt1564585,Skyline,dubious,dubious,FAIL,10000000,21416355,78693371,2010FAIL,10682318,22877632,84062765,1,1
2010,tt1421051,Somewhere,dubious-disagree,dubious,FAIL,7000000,1785645,14385645,2010FAIL,7477623,1907483,15367204,1,1
2010,tt1440292,Submarine,notalk,notalk,FAIL,1900000,467602,4581937,2010FAIL,2029641,499507,4894571,1,1
2010,tt1512235,Super,notalk,notalk,FAIL,2500000,327716,518362,2010FAIL,2670580,350077,553731,1,1
2010,tt1135084,Takers,notalk,notalk,FAIL,32000000,57744720,70587268,2010FAIL,34183419,61684749,75403567,1,1
2010,tt0398286,Tangled,ok,ok,PASS,260000000,200821936,586581936,2010PASS,277740279,214524387,626605502,1,1
2010,tt0429493,The A-Team,nowomen-disagree,nowomen,FAIL,110000000,77222099,177241171,2010FAIL,117505503,82491105,189334662,1,1
2010,tt1212436,The Back-up Plan,ok,ok,PASS,35000000,37490007,75281179,2010PASS,37388114,40048019,80417752,1,1
2010,tt0980970,The Chronicles of Narnia: The Voyage of the Dawn Treader,ok-disagree,ok,PASS,155000000,104386950,418186950,2010PASS,165575935,111509464,446720616,1,1
2010,tt0968264,The Conspirator,dubious,dubious,FAIL,25000000,11538204,15907411,2010FAIL,26705796,12325477,16992803,1,1
2010,tt0455407,The Crazies,ok,ok,PASS,19000000,39123589,54956140,2010PASS,20296405,41793064,58705899,1,1
2010,tt1226753,The Debt,ok,ok,PASS,20000000,31177548,46604054,2010PASS,21364637,33304850,49783934,1,1
2010,tt1320253,The Expendables,notalk,notalk,FAIL,82000000,103068524,268268174,2010FAIL,87595011,110101079,286572606,1,1
2010,tt0964517,The Fighter,men,men,FAIL,11000000,93617009,129262388,2010FAIL,11750550,100004670,138082199,1,1
2010,tt1139328,The Ghost Writer,men,men,FAIL,45000000,15541549,65532491,2010FAIL,48070433,16601978,70003894,1,1
2010,tt0775489,The Illusionist,nowomen,nowomen,FAIL,16500000,39868642,83792062,2010FAIL,17625825,42588953,89509349,1,1
2010,tt1155076,The Karate Kid,dubious-disagree,dubious,FAIL,40000000,176591618,359091618,2010FAIL,42729274,188640789,383593100,1,1
2010,tt0842926,The Kids Are All Right,ok,ok,PASS,4000000,20811365,36275469,2010PASS,4272927,22231363,38750611,1,1
2010,tt0954947,The Killer Inside Me,notalk,notalk,FAIL,13000000,217277,3617277,2010FAIL,13887014,232102,3864090,1,1
2010,tt1504320,The King&#39;s Speech,ok-disagree,ok,PASS,15000000,138797449,430821166,2010PASS,16023478,148267855,460216888,1,1
2010,tt0938283,The Last Airbender,notalk-disagree,notalk,FAIL,150000000,131772187,319713881,2010FAIL,160234776,140763246,341528548,1,1
2010,tt1320244,The Last Exorcism,ok,ok,PASS,1800000,41034350,70165900,2010PASS,1922817,43834199,74953449,1,1
2010,tt0480255,The Losers,notalk,notalk,FAIL,25000000,23591432,26714018,2010FAIL,26705796,25201119,28536765,1,1
2010,tt1458175,The Next Three Days,ok,ok,PASS,30000000,21148651,67255916,2010PASS,32046955,22591662,71844911,1,1
2010,tt1386588,The Other Guys,nowomen-disagree,nowomen,FAIL,100000000,119219978,170936470,2010FAIL,106823184,127354577,182599780,1,1
2010,tt1017451,The Runaways,ok,ok,PASS,9500000,3573673,5278632,2010PASS,10148202,3817511,5638803,1,1
2010,tt1285016,The Social Network,notalk-disagree,notalk,FAIL,40000000,96962694,224922135,2010FAIL,42729274,103578637,240268986,1,1
2010,tt0963966,The Sorcerer&#39;s Apprentice,notalk,notalk,FAIL,160000000,63150991,215150991,2010FAIL,170917095,67459899,229831139,1,1
2010,tt1273678,The Spy Next Door,ok,ok,PASS,28000000,24307106,50983364,2010PASS,29910492,25965625,54462053,1,1
2010,tt0889573,The Switch,men,men,FAIL,19000000,27758465,49858465,2010FAIL,20296405,29652476,53260400,1,1
2010,tt1274300,The Tempest,ok,ok,PASS,20000000,277943,277943,2010PASS,21364637,296908,296908,1,1
2010,tt1243957,The Tourist,nowomen,nowomen,FAIL,100000000,67631157,278731369,2010FAIL,106823184,72245755,297749724,1,1
2010,tt0840361,The Town,notalk,notalk,FAIL,37000000,92186262,152566881,2010FAIL,39524578,98476300,162976800,1,1
2010,tt1325004,The Twilight Saga: Eclipse,ok-disagree,ok,PASS,68000000,300531751,699590681,2010PASS,72639765,321037586,747325041,1,1
2010,tt0780653,The Wolfman,notalk-disagree,notalk,FAIL,150000000,62189884,142634358,2010FAIL,160234776,66433214,152366563,1,1
2010,tt1570989,Tiny Furniture,ok,ok,PASS,50000,391674,424149,2010PASS,53412,418399,453089,1,1
2010,tt0435761,Toy Story 3,dubious-disagree,dubious,FAIL,200000000,415004880,1063759456,2010FAIL,213646368,443321427,1136341723,1,1
2010,tt1104001,Tron Legacy,notalk-disagree,notalk,FAIL,200000000,172062763,397562763,2010FAIL,213646368,183802922,424689202,1,1
2010,tt1403865,True Grit,ok-disagree,ok,PASS,35000000,171243005,252276928,2010PASS,37388114,182927231,269490247,1,1
2010,tt1465522,Tucker and Dale vs Evil,ok,ok,PASS,5000000,223838,5476793,2010PASS,5341159,239111,5850485,1,1
2010,tt0477080,Unstoppable,dubious,dubious,FAIL,95000000,81562942,169511609,2010FAIL,101482025,87128132,181077698,1,1
2010,tt0817230,Valentine&#39;s Day,ok,ok,PASS,52000000,110485654,217569328,2010PASS,55548056,118024294,232414484,1,1
2010,tt1027718,Wall Street: Money Never Sleeps,dubious-disagree,dubious,FAIL,70000000,52474616,137431619,2010FAIL,74776229,56055056,146808831,1,1
2010,tt1183923,Welcome to the Rileys,ok,ok,PASS,10000000,152857,312857,2010PASS,10682318,163287,334204,1,1
2010,tt1235189,Wild Target,notalk,notalk,FAIL,8000000,109338,109338,2010FAIL,8545855,116798,116798,1,1
2010,tt1399683,Winter&#39;s Bone,ok-disagree,ok,PASS,2000000,6531503,16131552,2010PASS,2136464,6977159,17232238,1,1
2010,tt1216520,Womb,ok,ok,PASS,13000000,#N/A,#N/A,2010PASS,13887014,#N/A,#N/A,1,1
2010,tt1302067,Yogi Bear,nowomen,nowomen,FAIL,80000000,100246011,202284317,2010FAIL,85458547,107085981,216086548,1,1
2010,tt1414382,You Again,ok,ok,PASS,20000000,25702053,32838945,2010PASS,21364637,27455751,35079607,1,1
2010,tt1182350,You Will Meet a Tall Dark Stranger,ok,ok,PASS,15000000,3247816,34247816,2010PASS,16023478,3469420,36584608,1,1
2009,tt1022603,(500) Days of Summer,notalk-disagree,notalk,FAIL,7500000,32391374,60803210,2009FAIL,8142987,35168338,66015966,2,2
2009,tt0974661,17 Again,ok-disagree,ok,PASS,40000000,64167069,139474906,2009PASS,43429264,69668214,151432312,2,2
2009,tt1190080,2012,notalk-disagree,notalk,FAIL,200000000,166112167,788408539,2009FAIL,217146319,180353228,856000062,2,2
2009,tt0472033,9,nowomen,nowomen,FAIL,30000000,31749894,48559999,2009FAIL,32571948,34471863,52723125,2,2
2009,tt0971209,A Perfect Getaway,dubious-disagree,dubious,FAIL,14000000,15515460,22815460,2009FAIL,15200242,16845625,24771466,2,2
2009,tt1019452,A Serious Man,men,men,FAIL,7000000,9228788,30360570,2009FAIL,7600121,10019987,32963430,2,2
2009,tt1315981,A Single Man,notalk,notalk,FAIL,7000000,9176000,28142379,2009FAIL,7600121,9962673,30555070,2,2
2009,tt1185836,Adam,men,men,FAIL,3200000,2277396,2828590,2009FAIL,3474341,2472641,3071090,2,2
2009,tt1091722,Adventureland,men-disagree,men,FAIL,9800000,16044025,17144025,2009FAIL,10640170,17419505,18613810,2,2
2009,tt1186830,Agora,notalk,notalk,FAIL,70000000,619423,38992292,2009FAIL,76001212,672527,42335163,2,2
2009,tt1077262,Ajami,men-disagree,men,FAIL,1000000,621859,621859,2009FAIL,1085732,675172,675172,2,2
2009,tt0881891,All About Steve,ok,ok,PASS,15000000,33862903,40127259,2009PASS,16285974,36766024,43567433,2,2
2009,tt1174732,An Education,ok,ok,PASS,7500000,12574914,29652736,2009PASS,8142987,13652981,32194912,2,2
2009,tt0808151,Angels &amp; Demons,nowomen,nowomen,FAIL,150000000,133375846,490875846,2009FAIL,162859739,144810370,532959416,2,2
2009,tt0913354,Armored,nowomen,nowomen,FAIL,20000000,15988876,23661038,2009FAIL,21714632,17359628,25689537,2,2
2009,tt0375568,Astro Boy,dubious,dubious,FAIL,65000000,19551067,44093014,2009FAIL,70572554,21227211,47873178,2,2
2009,tt0499549,Avatar,men-disagree,men,FAIL,425000000,760507625,2783918982,2009FAIL,461435929,825707158,3022588801,2,2
2009,tt1176740,Away We Go,ok,ok,PASS,21000000,9451946,10108016,2009PASS,22800364,10262276,10974592,2,2
2009,tt0889583,Br&uuml;no,nowomen-disagree,nowomen,FAIL,42000000,60054530,130788243,2009FAIL,45600727,65203101,142000928,2,2
2009,tt0901476,Bride Wars,ok,ok,PASS,30000000,58715510,115150424,2009PASS,32571948,63749284,125022454,2,2
2009,tt0810784,Bright Star,ok,ok,PASS,8500000,4444637,17260680,2009PASS,9228719,4825683,18740466,2,2
2009,tt1210042,Brooklyn&#39;s Finest,notalk,notalk,FAIL,17000000,27163593,39233233,2009FAIL,18457437,29492371,42596761,2,2
2009,tt0765010,Brothers,ok,ok,PASS,26000000,28544157,45043870,2009PASS,28229022,30991293,48905553,2,2
2009,tt1232207,Capitalism: A Love Story,notalk-disagree,notalk,FAIL,20000000,14363397,19121531,2009FAIL,21714632,15594794,20760850,2,2
2009,tt0795351,Case 39,ok,ok,PASS,27000000,13261851,29302804,2009PASS,29314753,14398811,31814980,2,2
2009,tt1352824,Chloe,men-disagree,men,FAIL,13000000,3075255,9675172,2009FAIL,14114511,3338902,10504640,2,2
2009,tt0844471,Cloudy with a Chance of Meatballs,notalk-disagree,notalk,FAIL,100000000,124870275,236827677,2009FAIL,108573160,135575603,257131292,2,2
2009,tt1035736,Coco avant Chanel,ok,ok,PASS,23000000,6113834,50813834,2009PASS,24971827,6637983,55170185,2,2
2009,tt0327597,Coraline,ok,ok,PASS,60000000,75286229,126037057,2009PASS,65143896,81740638,136842415,2,2
2009,tt0433362,Daybreakers,notalk,notalk,FAIL,20000000,30101577,51401577,2009FAIL,21714632,32682233,55808316,2,2
2009,tt1278340,Dead Snow,men-disagree,men,FAIL,800000,46742,2194020,2009FAIL,868585,50749,2382117,2,2
2009,tt1136608,District 9,notalk-disagree,notalk,FAIL,30000000,115646235,215196627,2009FAIL,32571948,125560771,233645777,2,2
2009,tt1127180,Drag Me to Hell,ok,ok,PASS,30000000,42100625,91388487,2009PASS,32571948,45709979,99223368,2,2
2009,tt1191111,Enter the Void,notalk,notalk,FAIL,16000000,337997,337997,2009FAIL,17371706,366974,366974,2,2
2009,tt0780511,Everybody&#39;s Fine,men,men,FAIL,20000000,9208876,9208876,2009FAIL,21714632,9998368,9998368,2,2
2009,tt0432283,Fantastic Mr. Fox,notalk,notalk,FAIL,40000000,21002919,46498922,2009FAIL,43429264,22803533,50485349,2,2
2009,tt1013752,Fast &amp; Furious,notalk,notalk,FAIL,85000000,155064265,363064265,2009FAIL,92287186,168358172,394190344,2,2
2009,tt1083456,Fired Up!,notalk,notalk,FAIL,20000000,17231291,18608570,2009FAIL,21714632,18708557,20203912,2,2
2009,tt1232776,Fish Tank,ok,ok,PASS,3000000,374675,5922292,2009PASS,3257195,406796,6430020,2,2
2009,tt0758746,Friday the 13th,men,men,FAIL,17000000,65002019,91700771,2009FAIL,18457437,70574746,99562425,2,2
2009,tt1201167,Funny People,notalk,notalk,FAIL,72500000,51855045,71880305,2009FAIL,78715541,56300661,78042718,2,2
2009,tt0436339,G-Force,notalk,notalk,FAIL,150000000,119436770,287389685,2009FAIL,162859739,129676275,312028062,2,2
2009,tt1046173,G.I. Joe: The Rise of Cobra,notalk-disagree,notalk,FAIL,175000000,150201498,302469017,2009FAIL,190003029,163078512,328400169,2,2
2009,tt1034032,Gamer,notalk,notalk,FAIL,50000000,20534907,35062683,2009FAIL,54286580,22295397,38068663,2,2
2009,tt1194263,Get Low,notalk-disagree,notalk,FAIL,7000000,9176933,9696933,2009FAIL,7600121,9963686,10528267,2,2
2009,tt1289406,Harry Brown,notalk,notalk,FAIL,7300000,1818681,6294140,2009FAIL,7925841,1974599,6833747,2,2
2009,tt0417741,Harry Potter and the Half-Blood Prince,ok-disagree,ok,PASS,250000000,301959197,934416487,2009PASS,271432899,327846641,1014525504,2,2
2009,tt1001508,He&#39;s Just Not That Into You,ok,ok,PASS,40000000,93953653,178390243,2009PASS,43429264,102008450,193683923,2,2
2009,tt1024744,I Come with the Rain,nowomen,nowomen,FAIL,18000000,0,627422,2009FAIL,19543169,#N/A,681212,2,2
2009,tt1045772,I Love You Phillip Morris,notalk-disagree,notalk,FAIL,13000000,2037459,15144685,2009FAIL,14114511,2212134,16443063,2,2
2009,tt1155056,"I Love You, Man",men-disagree,men,FAIL,40000000,71440011,91729503,2009FAIL,43429264,77564677,99593620,2,2
2009,tt1080016,Ice Age: Dawn of the Dinosaurs,notalk,notalk,FAIL,90000000,196573705,886968695,2009FAIL,97715844,213426283,963009937,2,2
2009,tt0361748,Inglourious Basterds,dubious-disagree,dubious,FAIL,70000000,120831050,316971720,2009FAIL,76001212,131190089,344146212,2,2
2009,tt1057500,Invictus,notalk,notalk,FAIL,49000000,37491364,124491364,2009FAIL,53200848,40705558,135164207,2,2
2009,tt1230414,It&#39;s Complicated,ok,ok,PASS,85000000,112735375,224614744,2009PASS,92287186,122400359,243871325,2,2
2009,tt1131734,Jennifer&#39;s Body,ok,ok,PASS,16000000,16204793,32832166,2009PASS,17371706,17594056,35646920,2,2
2009,tt1135503,Julie &amp; Julia,ok,ok,PASS,40000000,94125426,126646119,2009PASS,43429264,102194949,137503693,2,2
2009,tt0448011,Knowing,notalk,notalk,FAIL,50000000,79957634,187858642,2009FAIL,54286580,86812530,203964063,2,2
2009,tt1197624,Law Abiding Citizen,notalk-disagree,notalk,FAIL,53000000,73357727,131159781,2009FAIL,57543775,79646802,142404318,2,2
2009,tt0808526,Life During Wartime,ok,ok,PASS,4500000,281447,281447,2009PASS,4885792,305576,305576,2,2
2009,tt1149361,Micmacs (Micmacs &agrave; tire-larigot),dubious,dubious,FAIL,42000000,1259693,11756922,2009FAIL,45600727,1367688,12764862,2,2
2009,tt0892782,Monsters vs Aliens,dubious-disagree,dubious,FAIL,175000000,198351526,381687380,2009FAIL,190003029,215356519,414410048,2,2
2009,tt1182345,Moon,notalk-disagree,notalk,FAIL,5000000,5010163,10676073,2009FAIL,5428658,5439692,11591350,2,2
2009,tt1121977,Mother and Child,ok,ok,PASS,7000000,1110509,5010509,2009PASS,7600121,1205715,5440068,2,2
2009,tt1179891,My Bloody Valentine 3D,men,men,FAIL,14000000,51545952,102754998,2009FAIL,15200242,55965069,111564348,2,2
2009,tt1078588,My Sister&#39;s Keeper,ok,ok,PASS,27500000,49200230,96673002,2009PASS,29857619,53418244,104960933,2,2
2009,tt0875034,Nine,men-disagree,men,FAIL,80000000,19676965,53508858,2009FAIL,86858528,21363903,58096258,2,2
2009,tt1186367,Ninja Assassin,notalk-disagree,notalk,FAIL,50000000,38122883,61622883,2009FAIL,54286580,41391219,66905911,2,2
2009,tt1266029,Nowhere Boy,dubious,dubious,FAIL,1900000,1445366,7785229,2009FAIL,2062890,1569280,8452669,2,2
2009,tt1235796,Ondine,ok,ok,PASS,12000000,550472,550472,2009PASS,13028779,597665,597665,2,2
2009,tt1532957,Paa,men,men,FAIL,4300000,199228,9791282,2009FAIL,4668646,216308,10630704,2,2
2009,tt1188729,Pandorum,notalk,notalk,FAIL,40000000,10330853,17033431,2009FAIL,43429264,11216534,18493734,2,2
2009,tt1003034,Perrier&#39;s Bounty,nowomen,nowomen,FAIL,6600000,828,828,2009FAIL,7165829,899,899,2,2
2009,tt0762125,Planet 51,notalk,notalk,FAIL,60000000,42194060,108996113,2009FAIL,65143896,45811424,118340524,2,2
2009,tt0929632,Precious: Based on the Novel Push by Sapphire,ok,ok,PASS,10000000,47566524,68722848,2009PASS,10857316,51644478,74614567,2,2
2009,tt1152836,Public Enemies,notalk,notalk,FAIL,102500000,97104620,210379983,2009FAIL,111287489,105429554,228416195,2,2
2009,tt0465580,Push,ok,ok,PASS,38000000,31811527,44411527,2009PASS,41257801,34538780,48218998,2,2
2009,tt0988045,Sherlock Holmes,notalk,notalk,FAIL,90000000,209028679,498438212,2009FAIL,97715844,226949041,541170116,2,2
2009,tt1017460,Splice,ok,ok,PASS,30000000,17010170,22461001,2009PASS,32571948,18468479,24386618,2,2
2009,tt0796366,Star Trek,ok-disagree,ok,PASS,140000000,257730019,385680446,2009PASS,152002424,279825625,418745446,2,2
2009,tt0473705,State of Play,ok,ok,PASS,60000000,37017955,91445389,2009PASS,65143896,40191563,99285148,2,2
2009,tt0986263,Surrogates,notalk,notalk,FAIL,80000000,38577772,119668350,2009FAIL,86858528,41885106,129927709,2,2
2009,tt0438488,Terminator Salvation,men-disagree,men,FAIL,200000000,125322469,371628539,2009FAIL,217146319,136066564,403488847,2,2
2009,tt0878804,The Blind Side,men,men,FAIL,35000000,255959475,305705795,2009FAIL,38000606,277903289,331914441,2,2
2009,tt1131729,The Boat That Rocked,nowomen-disagree,nowomen,FAIL,50000000,8017467,37472651,2009FAIL,54286580,8704817,40685241,2,2
2009,tt1300851,The Boondock Saints II: All Saints Day,nowomen,nowomen,FAIL,8000000,10273187,10273187,2009FAIL,8685853,11153924,11153924,2,2
2009,tt0362478,The Box,ok,ok,PASS,25000000,15051977,26341896,2009PASS,27143290,16342407,28600229,2,2
2009,tt0896923,The City of Your Final Destination,ok-disagree,ok,PASS,8300000,493296,1353296,2009PASS,9011572,535587,1469316,2,2
2009,tt1144884,The Final Destination,ok,ok,PASS,40000000,66477700,187384627,2009PASS,43429264,72176939,203449410,2,2
2009,tt1220198,The Fourth Kind,ok,ok,PASS,10000000,26218170,49486874,2009PASS,10857316,28465896,53729463,2,2
2009,tt1132620,The Girl with the Dragon Tattoo,dubious-disagree,dubious,FAIL,90000000,102515793,233170238,2009FAIL,97715844,111304636,253160295,2,2
2009,tt1103982,The Girlfriend Experience,dubious,dubious,FAIL,1300000,695840,1005840,2009FAIL,1411451,755495,1092072,2,2
2009,tt1247662,The Good Guy,ok,ok,PASS,10000000,100688,100688,2009PASS,10857316,109320,109320,2,2
2009,tt1119646,The Hangover,notalk,notalk,FAIL,35000000,277322503,469553471,2009FAIL,38000606,301097804,509809040,2,2
2009,tt1054606,The Imaginarium of Doctor Parnassus,notalk,notalk,FAIL,30000000,7689607,64352607,2009FAIL,32571948,8348849,69869659,2,2
2009,tt1130080,The Informant!,notalk,notalk,FAIL,22000000,33316821,41771168,2009FAIL,23886095,36173125,45352277,2,2
2009,tt1058017,The Invention of Lying,men,men,FAIL,18500000,18451251,32679264,2009FAIL,20086035,20033106,35480909,2,2
2009,tt0824758,The Last Station,ok,ok,PASS,18000000,6617867,15696146,2009PASS,19543169,7185227,17041802,2,2
2009,tt0380510,The Lovely Bones,ok,ok,PASS,95000000,44114232,94894448,2009PASS,103144502,47896216,103029901,2,2
2009,tt1234548,The Men Who Stare at Goats,nowomen,nowomen,FAIL,24000000,32428195,67348218,2009FAIL,26057558,35208316,73122088,2,2
2009,tt0790712,The Messenger,notalk,notalk,FAIL,6500000,1109660,1409660,2009FAIL,7057255,1204793,1530512,2,2
2009,tt0780521,The Princess and the Frog,ok,ok,PASS,105000000,104400899,270997378,2009PASS,114001818,113351355,294230416,2,2
2009,tt1041829,The Proposal,men-disagree,men,FAIL,40000000,163958031,314709717,2009FAIL,43429264,178014415,341690283,2,2
2009,tt0898367,The Road,notalk-disagree,notalk,FAIL,25000000,8114270,27614270,2009FAIL,27143290,8809919,29981685,2,2
2009,tt0485601,The Secret of Kells,nowomen-disagree,nowomen,FAIL,8000000,690290,2600916,2009FAIL,8685853,749470,2823897,2,2
2009,tt0821642,The Soloist,notalk,notalk,FAIL,60000000,31720158,38454152,2009FAIL,65143896,34439578,41750888,2,2
2009,tt1111422,The Taking of Pelham 123,nowomen,nowomen,FAIL,110000000,65452312,152364370,2009FAIL,119430476,71063643,165426811,2,2
2009,tt0452694,The Time Traveler&#39;s Wife,dubious,dubious,FAIL,39000000,63414846,98666635,2009FAIL,42343532,68851502,107125483,2,2
2009,tt1142988,The Ugly Truth,men,men,FAIL,38000000,88915214,205230042,2009FAIL,41257801,96538057,222824741,2,2
2009,tt1139668,The Unborn,ok,ok,PASS,16000000,42670410,78208812,2009PASS,17371706,46328612,84913778,2,2
2009,tt0962736,The Young Victoria,ok,ok,PASS,35000000,11001272,31878891,2009PASS,38000606,11944429,34611919,2,2
2009,tt1055369,Transformers: Revenge of the Fallen,ok-disagree,ok,PASS,210000000,402111870,836519699,2009PASS,228003635,436585563,908235868,2,2
2009,tt1049413,Up,notalk,notalk,FAIL,175000000,293004164,731542621,2009FAIL,190003029,318123879,794258938,2,2
2009,tt1193138,Up in the Air,men-disagree,men,FAIL,30000000,83823381,166842739,2009FAIL,32571948,91009693,181146433,2,2
2009,tt1068678,Veronika Decides to Die,ok,ok,PASS,9000000,#N/A,#N/A,2009PASS,9771584,#N/A,#N/A,2,2
2009,tt0409459,Watchmen,men-disagree,men,FAIL,138000000,107509799,184068357,2009FAIL,149830960,116726786,199848831,2,2
2009,tt1178663,Whatever Works,dubious-disagree,dubious,FAIL,15000000,5306706,35106706,2009FAIL,16285974,5761658,38116460,2,2
2009,tt0386117,Where the Wild Things Are,notalk,notalk,FAIL,100000000,77233467,99123656,2009FAIL,108573160,83854815,107621685,2,2
2009,tt1172233,Whip It,ok,ok,PASS,15000000,13043363,18856151,2009PASS,16285974,14161591,20472719,2,2
2009,tt0365929,Whiteout,ok,ok,PASS,35000000,10275638,12254746,2009PASS,38000606,11156585,13305365,2,2
2009,tt0458525,X-Men Origins: Wolverine,dubious-disagree,dubious,FAIL,150000000,179883157,374825760,2009FAIL,162859739,195304827,406960171,2,2
2009,tt0448182,Yesterday Was a Lie,ok,ok,PASS,200000,#N/A,#N/A,2009PASS,217146,#N/A,#N/A,2,2
2009,tt0403702,Youth in Revolt,notalk-disagree,notalk,FAIL,18000000,15285588,19685588,2009FAIL,19543169,16596046,21373265,2,2
2009,tt1156398,Zombieland,ok-disagree,ok,PASS,23600000,75590286,102236596,2009PASS,25623266,82070762,111001503,2,2
